Period,Type 1 Departments - Major A&E,Percentage in 4 hours or less (all)
01/08/2010,"1,138,652",0.971874223
01/09/2010,"1,150,728",0.948256226
01/10/2010,"1,163,143",0.957813738
01/11/2010,"1,111,295",0.970649047
01/12/2010,"1,159,204",0.968245459
01/01/2011,"1,133,881",0.968889265
01/02/2011,"1,053,707",0.970750082
01/03/2011,"1,225,222",0.971042224
01/04/2011,"1,197,213",0.975932223
01/05/2011,"1,221,687",0.974360754
01/06/2011,"1,168,468",0.968901808
01/07/2011,"1,211,066",0.966221919
01/08/2011,"1,135,801",0.966044292
01/09/2011,"1,162,143",0.957950305
01/10/2011,"1,200,708",0.95755637
01/11/2011,"1,134,959",0.949873517
01/12/2011,"1,141,606",0.965369009
01/01/2012,"1,137,916",0.963515032
01/02/2012,"1,120,423",0.968116886
01/03/2012,"1,263,082",0.96745527
01/04/2012,"1,149,634",0.970676597
01/05/2012,"1,251,414",0.970404992
01/06/2012,"1,222,084",0.966949709
01/07/2012,"1,248,953",0.962414306
01/08/2012,"1,197,384",0.960119571
01/09/2012,"1,178,361",0.946671857
01/10/2012,"1,214,433",0.945438565
01/11/2012,"1,167,908",0.942918954
01/12/2012,"1,202,080",0.935126251
01/01/2013,"1,149,837",0.934410629
01/02/2013,"1,085,333",0.965732249
01/03/2013,"1,226,196",0.969230539
01/04/2013,"1,199,089",0.966812182
01/05/2013,"1,229,747",0.962840122
01/06/2013,"1,191,352",0.957855113
01/07/2013,"1,281,700",0.956680479
01/08/2013,"1,189,671",0.959157733
01/09/2013,"1,156,569",0.952835067
01/10/2013,"1,199,259",0.951713804
01/11/2013,"1,139,112",0.946383131
01/12/2013,"1,172,011",0.956150349
01/01/2014,"1,142,284",0.952623802
01/02/2014,"1,084,744",0.948337591
01/03/2014,"1,269,436",0.952188002
01/04/2014,"1,213,066",0.951710218
01/05/2014,"1,287,333",0.951092706
01/06/2014,"1,265,211",0.946122871
01/07/2014,"1,302,588",0.937127575
01/08/2014,"1,188,147",0.934589598
01/09/2014,"1,221,782",0.898931059
01/10/2014,"1,250,114",0.911575921
01/11/2014,"1,205,519",0.919709857
01/12/2014,"1,241,895",0.927330727
01/01/2015,"1,124,040",0.932841419
01/02/2015,"1,072,452",0.94307809
01/03/2015,"1,251,325",0.948030801
01/04/2015,"1,206,631",0.950086922
01/05/2015,"1,254,445",0.942913102
01/06/2015,"1,249,213",0.933810543
01/07/2015,"1,271,523",0.92327316
01/08/2015,"1,215,826",0.912779347
01/09/2015,"1,221,594",0.909724081
01/10/2015,"1,261,395",0.886578382
01/11/2015,"1,236,294",0.877547606
01/12/2015,"1,232,965",0.872657604
01/01/2016,"1,250,005",0.900351272
01/02/2016,"1,218,372",0.902755586
01/03/2016,"1,350,373",0.905599443
01/04/2016,"1,214,057",0.902852479
01/05/2016,"1,353,206",0.909763097
01/06/2016,"1,282,499",0.906478685
01/07/2016,"1,353,477",0.890530898
01/08/2016,"1,254,439",0.883790361
01/09/2016,"1,277,578",0.861759456
01/10/2016,"1,317,571",0.851413412
01/11/2016,"1,258,205",0.87530904
01/12/2016,"1,277,133",0.900094948
01/01/2017,"1,237,177",0.905152526
01/02/2017,"1,127,909",0.897003516
01/03/2017,"1,309,507",0.907251853
01/04/2017,"1,253,743",0.903478107
01/05/2017,"1,347,297",0.902992368
01/06/2017,"1,296,877",0.89666094
01/07/2017,"1,348,648",0.899418679
01/08/2017,"1,256,655",0.887665525
01/09/2017,"1,263,957",0.849850346
01/10/2017,"1,325,211",0.852991821
01/11/2017,"1,281,913",0.850447689
01/12/2017,"1,289,587",0.846212164
01/01/2018,"1,257,026",0.885724883
01/02/2018,"1,151,757",0.903901115
01/03/2018,"1,299,796",0.907629724
01/04/2018,"1,246,348",0.893194905
01/05/2018,"1,354,711",0.897270271
01/06/2018,"1,306,739",0.889436829
01/07/2018,"1,365,859",0.89009335
01/08/2018,"1,252,767",0.876044669
01/09/2018,"1,269,088",0.864463218
01/10/2018,"1,320,032",0.843525142
01/11/2018,"1,305,353",0.842252501
01/12/2018,"1,307,359",0.866093116
01/01/2019,"1,344,354",0.851251678
01/02/2019,"1,234,328",0.866310694
01/03/2019,"1,373,061",0.863692072
01/04/2019,"1,330,825",0.864911246
01/05/2019,"1,369,332",0.86292765
01/06/2019,"1,334,137",0.852436214
01/07/2019,"1,415,918",0.836351977
01/08/2019,"1,324,070",0.814412122
01/09/2019,"1,342,510",0.798070395
01/10/2019,"1,376,347",0.816828082
01/11/2019,"1,366,383",0.827868631
01/12/2019,"1,373,654",0.842772158
01/01/2020,"1,327,234",0.90443441
01/02/2020,"1,237,255",0.935087243
01/03/2020,"1,013,021",0.92776901
01/04/2020,"689,720",0.919907462
01/05/2020,"924,218",0.891707453
01/06/2020,"1,016,132",0.872956561
01/07/2020,"1,120,421",0.844280239
01/08/2020,"1,179,019",0.838467379
01/09/2020,"1,163,948",0.802819142
01/10/2020,"1,111,958",0.785124713
01/11/2020,"1,036,350",0.839217848
01/12/2020,"1,039,474",0.861398318
01/01/2021,"941,194",0.853566249
01/02/2021,"903,771",0.836949978
01/03/2021,"1,161,079",0.812972243
01/04/2021,"1,259,266",0.777211847
01/05/2021,"1,396,116",0.770166987
01/06/2021,"1,436,111",0.752186319
01/07/2021,"1,430,733",0.739342164
01/08/2021,"1,341,757",0.7406115
01/09/2021,"1,392,405",0.734317589
01/10/2021,"1,419,010",0.743493672
01/11/2021,"1,336,830",0.732801261
01/12/2021,"1,250,568",0.716299785
01/01/2022,"1,247,417",0.722483473
01/02/2022,"1,205,820",0.728351012
01/03/2022,"1,421,526",0.720588175
01/04/2022,"1,312,380",0.710781345
01/05/2022,"1,437,421",0.71688351
01/06/2022,"1,400,664",0.710560801
01/07/2022,"1,397,083",0.695268415
01/08/2022,"1,299,083",0.690121369
01/09/2022,"1,301,611",0.652027207
01/10/2022,"1,399,185",0.725086977
01/11/2022,"1,395,183",0.715062502
01/12/2022,"1,437,681",0.715317106
01/01/2023,"1,243,898",0.746075726
01/02/2023,"1,206,386",0.740079241
01/03/2023,"1,372,403",0.733807755
01/04/2023,"1,271,145",0.740305311
01/05/2023,"1,400,815",0.730305456
01/06/2023,"1,389,009",0.716986184
01/07/2023,"1,379,854",0.70314568
01/08/2023,"1,323,647",0.69818932
01/09/2023,"1,369,045",0.695063156
01/10/2023,"1,413,597",0.703649098
01/11/2023,"1,386,008",0.709924174
01/12/2023,"1,384,220",0.743452615
01/01/2024,"1,397,975",0.744859569
01/02/2024,"1,347,642",0.739607216
01/03/2024,"1,462,878",0.745885143
01/04/2024,"1,372,028",0.75217091
01/05/2024,"1,472,721",0.763334816
01/06/2024,"1,405,658",0.742171612
01/07/2024,"1,425,569",0.730848417
01/08/2024,"1,320,157",0.721815742
01/09/2024,"1,364,482",0.711213956
01/10/2024,"1,453,242",0.730067219
01/11/2024,"1,428,050",0.73461343
01/12/2024,"1,440,311",0.749798247
01/01/2025,"1,359,026",0.747838119
01/02/2025,"1,271,336",0.75402383
01/03/2025,"1,450,686",0.755564873
01/04/2025,"1,388,613",0.764078201
01/05/2025,"1,453,480",0.758762154
01/06/2025,"1,428,563",0.750504064
01/07/2025,"1,469,050",0.741471518
01/08/2025,"1,383,870",0.742029789
01/09/2025,"1,417,440",0.738494595
01/10/2025,"1,481,222",0.724608299
01/11/2025,"1,448,958",0.740553024
,,
,,
,,
